valid-loss_step,step,valid-loss_epoch,valid-acc_epoch,epoch,train-loss_epoch,train-loss_step
1.771970510482788,0,,,,,
,0,1.771970510482788,0.4232538640499115,0,,
,0,,,0,1.823792815208435,
1.7249540090560913,1,,,,,
,1,1.7249540090560913,0.43277278542518616,1,,
,1,,,1,1.7724789381027222,
1.6820393800735474,2,,,,,
,2,1.6820393800735474,0.432792603969574,2,,
,2,,,2,1.7250888347625732,
1.6430860757827759,3,,,,,
,3,1.6430860757827759,0.432792603969574,3,,
,3,,,3,1.6824191808700562,
1.6080864667892456,4,,,,,
,4,1.6080864667892456,0.432792603969574,4,,
,4,,,4,1.6439061164855957,
1.5771323442459106,5,,,,,
,5,1.5771323442459106,0.432792603969574,5,,
,5,,,5,1.608636498451233,
1.5503547191619873,6,,,,,
,6,1.5503547191619873,0.432792603969574,6,,
,6,,,6,1.5778944492340088,
1.5278127193450928,7,,,,,
,7,1.5278127193450928,0.432792603969574,7,,
,7,,,7,1.551650881767273,
1.509372591972351,8,,,,,
,8,1.509372591972351,0.432792603969574,8,,
,8,,,8,1.5290098190307617,
1.4946403503417969,9,,,,,
,9,1.4946403503417969,0.432792603969574,9,,
,9,,,9,1.5112147331237793,
1.4829790592193604,10,,,,,
,10,1.4829790592193604,0.432792603969574,10,,
,10,,,10,1.4968167543411255,
1.473625898361206,11,,,,,
,11,1.473625898361206,0.432792603969574,11,,
,11,,,11,1.484833002090454,
1.4658066034317017,12,,,,,
,12,1.4658066034317017,0.432792603969574,12,,
,12,,,12,1.4756954908370972,
1.4588608741760254,13,,,,,
,13,1.4588608741760254,0.4328124523162842,13,,
,13,,,13,1.4685324430465698,
1.4523544311523438,14,,,,,
,14,1.4523544311523438,0.4328124523162842,14,,
,14,,,14,1.4613252878189087,
1.4461088180541992,15,,,,,
,15,1.4461088180541992,0.4328124523162842,15,,
,15,,,15,1.454553484916687,
1.4401440620422363,16,,,,,
,16,1.4401440620422363,0.4328124523162842,16,,
,16,,,16,1.4491716623306274,
1.4345803260803223,17,,,,,
,17,1.4345803260803223,0.4328124523162842,17,,
,17,,,17,1.442865252494812,
1.4295053482055664,18,,,,,
,18,1.4295053482055664,0.4328124523162842,18,,
,18,,,18,1.4374605417251587,
1.4248939752578735,19,,,,,
,19,1.4248939752578735,0.4328124523162842,19,,
,19,,,19,1.4323699474334717,
1.4206013679504395,20,,,,,
,20,1.4206013679504395,0.4328124523162842,20,,
,20,,,20,1.428090214729309,
1.416422963142395,21,,,,,
,21,1.416422963142395,0.4328124523162842,21,,
,21,,,21,1.4235538244247437,
1.4121829271316528,22,,,,,
,22,1.4121829271316528,0.43287193775177,22,,
,22,,,22,1.419877290725708,
1.4077868461608887,23,,,,,
,23,1.4077868461608887,0.43293142318725586,23,,
,23,,,23,1.4154601097106934,
1.403222680091858,24,,,,,
,24,1.403222680091858,0.4329710900783539,24,,
,24,,,24,1.4111247062683105,
1.3985331058502197,25,,,,,
,25,1.3985331058502197,0.4331297278404236,25,,
,25,,,25,1.4069215059280396,
1.3937830924987793,26,,,,,
,26,1.3937830924987793,0.43324872851371765,26,,
,26,,,26,1.401672124862671,
1.3890314102172852,27,,,,,
,27,1.3890314102172852,0.4334668517112732,27,,
,27,,,27,1.3976856470108032,
1.3843097686767578,28,,,,,
,28,1.3843097686767578,0.43374449014663696,28,,
,28,,,28,1.392000436782837,
1.3796230554580688,29,,,,,
,29,1.3796230554580688,0.4340023100376129,29,,
,29,,,29,1.3879008293151855,
1.3749476671218872,30,,,,,
,30,1.3749476671218872,0.4344980716705322,30,,
,30,,,30,1.3836928606033325,
1.3702428340911865,31,,,,,
,31,1.3702428340911865,0.4354499578475952,31,,
,31,,,31,1.3783777952194214,
1.3654813766479492,32,,,,,
,32,1.3654813766479492,0.43711578845977783,32,,
,32,,,32,1.373649001121521,
1.3606618642807007,33,,,,,
,33,1.3606618642807007,0.4389997124671936,33,,
,33,,,33,1.370229721069336,
1.3558157682418823,34,,,,,
,34,1.3558157682418823,0.44149842858314514,34,,
,34,,,34,1.3645988702774048,
1.350994348526001,35,,,,,
,35,1.350994348526001,0.4451870024204254,35,,
,35,,,35,1.359871745109558,
1.3462437391281128,36,,,,,
,36,1.3462437391281128,0.4490540623664856,36,,
,36,,,36,1.3553272485733032,
1.3415861129760742,37,,,,,
,37,1.3415861129760742,0.45419028401374817,37,,
,37,,,37,1.3506696224212646,
1.3370094299316406,38,,,,,
,38,1.3370094299316406,0.45938602089881897,38,,
,38,,,38,1.345883846282959,
1.3324655294418335,39,,,,,
,39,1.3324655294418335,0.4639669954776764,39,,
,39,,,39,1.3405392169952393,
1.327889084815979,40,,,,,
,40,1.327889084815979,0.46842899918556213,40,,
,40,,,40,1.3365651369094849,
1.3232166767120361,41,,,,,
,41,1.3232166767120361,0.4725935161113739,41,,
,41,,,41,1.3324778079986572,
1.3184096813201904,42,,,,,
,42,1.3184096813201904,0.4759647846221924,42,,
,42,,,42,1.3275315761566162,
1.3134621381759644,43,,,,,
,43,1.3134621381759644,0.4793955385684967,43,,
,43,,,43,1.3226841688156128,
1.308398962020874,44,,,,,
,44,1.308398962020874,0.4818347692489624,44,,
,44,,,44,1.3174068927764893,
1.3032630681991577,45,,,,,
,45,1.3032630681991577,0.48482924699783325,45,,
,45,,,45,1.312713384628296,
1.2980955839157104,46,,,,,
,46,1.2980955839157104,0.48760560154914856,46,,
,46,,,46,1.3073046207427979,
1.2929258346557617,47,,,,,
,47,1.2929258346557617,0.49081823229789734,47,,
,47,,,47,1.302955985069275,
1.287777066230774,48,,,,,
,48,1.287777066230774,0.4941101670265198,48,,
,48,,,48,1.2974611520767212,
,49,,,49,,1.291882872581482
1.2826590538024902,49,,,,,
,49,1.2826590538024902,0.49752113223075867,49,,
,49,,,49,1.291882872581482,
1.2775800228118896,50,,,,,
,50,1.2775800228118896,0.5014278292655945,50,,
,50,,,50,1.287326455116272,
1.272547721862793,51,,,,,
,51,1.272547721862793,0.5054336786270142,51,,
,51,,,51,1.2823182344436646,
1.2675666809082031,52,,,,,
,52,1.2675666809082031,0.509102463722229,52,,
,52,,,52,1.277840495109558,
1.262636423110962,53,,,,,
,53,1.262636423110962,0.5125331878662109,53,,
,53,,,53,1.2719769477844238,
1.2577515840530396,54,,,,,
,54,1.2577515840530396,0.5159044861793518,54,,
,54,,,54,1.2677336931228638,
1.252905249595642,55,,,,,
,55,1.252905249595642,0.5186808109283447,55,,
,55,,,55,1.2630910873413086,
1.2480937242507935,56,,,,,
,56,1.2480937242507935,0.5214571952819824,56,,
,56,,,56,1.2571994066238403,
1.2433229684829712,57,,,,,
,57,1.2433229684829712,0.5232816338539124,57,,
,57,,,57,1.2534321546554565,
1.2386040687561035,58,,,,,
,58,1.2386040687561035,0.5257010459899902,58,,
,58,,,58,1.2480733394622803,
1.2339493036270142,59,,,,,
,59,1.2339493036270142,0.5278229713439941,59,,
,59,,,59,1.2432934045791626,
1.229365587234497,60,,,,,
,60,1.229365587234497,0.5302621722221375,60,,
,60,,,60,1.239078164100647,
1.2248501777648926,61,,,,,
,61,1.2248501777648926,0.5319874882698059,61,,
,61,,,61,1.2337673902511597,
1.2203989028930664,62,,,,,
,62,1.2203989028930664,0.5337722897529602,62,,
,62,,,62,1.2292970418930054,
1.2160098552703857,63,,,,,
,63,1.2160098552703857,0.5355967283248901,63,,
,63,,,63,1.2256536483764648,
1.211685299873352,64,,,,,
,64,1.211685299873352,0.5380160808563232,64,,
,64,,,64,1.2212802171707153,
1.207428216934204,65,,,,,
,65,1.207428216934204,0.5392059683799744,65,,
,65,,,65,1.2164263725280762,
1.203244924545288,66,,,,,
,66,1.203244924545288,0.54144686460495,66,,
,66,,,66,1.2125341892242432,
1.1991394758224487,67,,,,,
,67,1.1991394758224487,0.5434101223945618,67,,
,67,,,67,1.208103060722351,
1.1951106786727905,68,,,,,
,68,1.1951106786727905,0.5451751351356506,68,,
,68,,,68,1.2046136856079102,
1.1911563873291016,69,,,,,
,69,1.1911563873291016,0.5469995737075806,69,,
,69,,,69,1.2002160549163818,
1.1872750520706177,70,,,,,
,70,1.1872750520706177,0.5484670400619507,70,,
,70,,,70,1.1965131759643555,
1.1834686994552612,71,,,,,
,71,1.1834686994552612,0.5504501461982727,71,,
,71,,,71,1.1927815675735474,
1.1797387599945068,72,,,,,
,72,1.1797387599945068,0.5519771575927734,72,,
,72,,,72,1.1892311573028564,
1.176085114479065,73,,,,,
,73,1.176085114479065,0.5538610816001892,73,,
,73,,,73,1.1849901676177979,
1.1725050210952759,74,,,,,
,74,1.1725050210952759,0.5556260943412781,74,,
,74,,,74,1.1812795400619507,
1.1689939498901367,75,,,,,
,75,1.1689939498901367,0.5568159222602844,75,,
,75,,,75,1.177678108215332,
1.1655458211898804,76,,,,,
,76,1.1655458211898804,0.5586800575256348,76,,
,76,,,76,1.1743444204330444,
1.1621578931808472,77,,,,,
,77,1.1621578931808472,0.5604450106620789,77,,
,77,,,77,1.1708465814590454,
1.1588293313980103,78,,,,,
,78,1.1588293313980103,0.5618926882743835,78,,
,78,,,78,1.1676870584487915,
1.1555603742599487,79,,,,,
,79,1.1555603742599487,0.5637964606285095,79,,
,79,,,79,1.1639405488967896,
1.152350902557373,80,,,,,
,80,1.152350902557373,0.565521776676178,80,,
,80,,,80,1.1612298488616943,
1.149200677871704,81,,,,,
,81,1.149200677871704,0.5670289397239685,81,,
,81,,,81,1.1578123569488525,
1.1461081504821777,82,,,,,
,82,1.1461081504821777,0.5686352252960205,82,,
,82,,,82,1.1540493965148926,
1.1430712938308716,83,,,,,
,83,1.1430712938308716,0.5698647499084473,83,,
,83,,,83,1.1515227556228638,
1.1400882005691528,84,,,,,
,84,1.1400882005691528,0.5717090368270874,84,,
,84,,,84,1.1479711532592773,
1.1371577978134155,85,,,,,
,85,1.1371577978134155,0.57337486743927,85,,
,85,,,85,1.145508050918579,
1.1342799663543701,86,,,,,
,86,1.1342799663543701,0.5748621821403503,86,,
,86,,,86,1.1419564485549927,
1.1314525604248047,87,,,,,
,87,1.1314525604248047,0.5758140683174133,87,,
,87,,,87,1.1399832963943481,
1.1286736726760864,88,,,,,
,88,1.1286736726760864,0.5773013830184937,88,,
,88,,,88,1.1364476680755615,
1.1259444952011108,89,,,,,
,89,1.1259444952011108,0.5781739354133606,89,,
,89,,,89,1.1343454122543335,
1.123262882232666,90,,,,,
,90,1.123262882232666,0.579740583896637,90,,
,90,,,90,1.1308120489120483,
1.1206284761428833,91,,,,,
,91,1.1206284761428833,0.5812477469444275,91,,
,91,,,91,1.1289516687393188,
1.1180399656295776,92,,,,,
,92,1.1180399656295776,0.5822393298149109,92,,
,92,,,92,1.1257232427597046,
1.1154966354370117,93,,,,,
,93,1.1154966354370117,0.5831912159919739,93,,
,93,,,93,1.1238327026367188,
1.112998604774475,94,,,,,
,94,1.112998604774475,0.5842025876045227,94,,
,94,,,94,1.121290683746338,
1.1105446815490723,95,,,,,
,95,1.1105446815490723,0.5854122638702393,95,,
,95,,,95,1.118787407875061,
1.1081334352493286,96,,,,,
,96,1.1081334352493286,0.5865426659584045,96,,
,96,,,96,1.1166287660598755,
1.1057630777359009,97,,,,,
,97,1.1057630777359009,0.5877920389175415,97,,
,97,,,97,1.1140027046203613,
1.103432297706604,98,,,,,
,98,1.103432297706604,0.5887835621833801,98,,
,98,,,98,1.111535906791687,
,99,,,99,,1.108708381652832
1.1011404991149902,99,,,,,
,99,1.1011404991149902,0.5899139046669006,99,,
,99,,,99,1.108708381652832,
1.0988880395889282,100,,,,,
,100,1.0988880395889282,0.5911632776260376,100,,
,100,,,100,1.1060529947280884,
1.096673846244812,101,,,,,
,101,1.096673846244812,0.592511773109436,101,,
,101,,,101,1.1046286821365356,
1.0944981575012207,102,,,,,
,102,1.0944981575012207,0.593840479850769,102,,
,102,,,102,1.1024929285049438,
1.0923596620559692,103,,,,,
,103,1.0923596620559692,0.59501051902771,103,,
,103,,,103,1.0996044874191284,
1.090259075164795,104,,,,,
,104,1.090259075164795,0.5963391661643982,104,,
,104,,,104,1.0985106229782104,
1.0881950855255127,105,,,,,
,105,1.0881950855255127,0.5974695682525635,105,,
,105,,,105,1.0958904027938843,
1.0861667394638062,106,,,,,
,106,1.0861667394638062,0.5987585783004761,106,,
,106,,,106,1.0934466123580933,
1.084173321723938,107,,,,,
,107,1.084173321723938,0.599551796913147,107,,
,107,,,107,1.0915025472640991,
1.0822138786315918,108,,,,,
,108,1.0822138786315918,0.6004244089126587,108,,
,108,,,108,1.0894919633865356,
1.080287218093872,109,,,,,
,109,1.080287218093872,0.6008210182189941,109,,
,109,,,109,1.0876811742782593,
1.078391671180725,110,,,,,
,110,1.078391671180725,0.6017332077026367,110,,
,110,,,110,1.0858041048049927,
1.076526165008545,111,,,,,
,111,1.076526165008545,0.6028041243553162,111,,
,111,,,111,1.083916425704956,
1.0746912956237793,112,,,,,
,112,1.0746912956237793,0.6035973429679871,112,,
,112,,,112,1.0816453695297241,
1.0728873014450073,113,,,,,
,113,1.0728873014450073,0.6049855351448059,113,,
,113,,,113,1.0806233882904053,
1.0711140632629395,114,,,,,
,114,1.0711140632629395,0.6054416298866272,114,,
,114,,,114,1.0780712366104126,
1.0693700313568115,115,,,,,
,115,1.0693700313568115,0.6060563921928406,115,,
,115,,,115,1.076587200164795,
1.0676543712615967,116,,,,,
,116,1.0676543712615967,0.6066116690635681,116,,
,116,,,116,1.0747473239898682,
1.0659669637680054,117,,,,,
,117,1.0659669637680054,0.6073057651519775,117,,
,117,,,117,1.0737600326538086,
1.0643067359924316,118,,,,,
,118,1.0643067359924316,0.6080394983291626,118,,
,118,,,118,1.070794701576233,
1.0626726150512695,119,,,,,
,119,1.0626726150512695,0.6087534427642822,119,,
,119,,,119,1.070288896560669,
1.0610631704330444,120,,,,,
,120,1.0610631704330444,0.6094276905059814,120,,
,120,,,120,1.0682880878448486,
1.0594779253005981,121,,,,,
,121,1.0594779253005981,0.6101019382476807,121,,
,121,,,121,1.0670524835586548,
1.0579169988632202,122,,,,,
,122,1.0579169988632202,0.6105381846427917,122,,
,122,,,122,1.0648837089538574,
1.0563806295394897,123,,,,,
,123,1.0563806295394897,0.6109150052070618,123,,
,123,,,123,1.0636236667633057,
1.0548666715621948,124,,,,,
,124,1.0548666715621948,0.611668586730957,124,,
,124,,,124,1.0609283447265625,
1.0533758401870728,125,,,,,
,125,1.0533758401870728,0.6121841669082642,125,,
,125,,,125,1.0604192018508911,
1.0519068241119385,126,,,,,
,126,1.0519068241119385,0.6123626828193665,126,,
,126,,,126,1.0574569702148438,
1.050459623336792,127,,,,,
,127,1.050459623336792,0.6131360530853271,127,,
,127,,,127,1.0572633743286133,
1.0490325689315796,128,,,,,
,128,1.0490325689315796,0.6134335398674011,128,,
,128,,,128,1.055451512336731,
1.0476263761520386,129,,,,,
,129,1.0476263761520386,0.6140086650848389,129,,
,129,,,129,1.0549906492233276,
1.0462394952774048,130,,,,,
,130,1.0462394952774048,0.6144647598266602,130,,
,130,,,130,1.052209734916687,
1.0448724031448364,131,,,,,
,131,1.0448724031448364,0.6151588559150696,131,,
,131,,,131,1.051203966140747,
1.0435243844985962,132,,,,,
,132,1.0435243844985962,0.615852952003479,132,,
,132,,,132,1.0503358840942383,
1.0421943664550781,133,,,,,
,133,1.0421943664550781,0.6164478659629822,133,,
,133,,,133,1.048412799835205,
1.0408823490142822,134,,,,,
,134,1.0408823490142822,0.6169634461402893,134,,
,134,,,134,1.0472569465637207,
1.0395879745483398,135,,,,,
,135,1.0395879745483398,0.6179351806640625,135,,
,135,,,135,1.0454940795898438,
1.0383116006851196,136,,,,,
,136,1.0383116006851196,0.6183714866638184,136,,
,136,,,136,1.0453230142593384,
1.0370514392852783,137,,,,,
,137,1.0370514392852783,0.6186689138412476,137,,
,137,,,137,1.0439954996109009,
1.0358078479766846,138,,,,,
,138,1.0358078479766846,0.6187680959701538,138,,
,138,,,138,1.0418530702590942,
1.034580945968628,139,,,,,
,139,1.034580945968628,0.6195018291473389,139,,
,139,,,139,1.0411219596862793,
1.033369541168213,140,,,,,
,140,1.033369541168213,0.6199777722358704,140,,
,140,,,140,1.0405571460723877,
1.032172441482544,141,,,,,
,141,1.032172441482544,0.6204537153244019,141,,
,141,,,141,1.0385925769805908,
1.0309892892837524,142,,,,,
,142,1.0309892892837524,0.6209098696708679,142,,
,142,,,142,1.0367530584335327,
1.0298210382461548,143,,,,,
,143,1.0298210382461548,0.621266782283783,143,,
,143,,,143,1.0361347198486328,
1.0286682844161987,144,,,,,
,144,1.0286682844161987,0.6214452981948853,144,,
,144,,,144,1.035651683807373,
1.0275288820266724,145,,,,,
,145,1.0275288820266724,0.6216237545013428,145,,
,145,,,145,1.033776044845581,
1.0264039039611816,146,,,,,
,146,1.0264039039611816,0.6220799088478088,146,,
,146,,,146,1.0333452224731445,
1.0252922773361206,147,,,,,
,147,1.0252922773361206,0.622377336025238,147,,
,147,,,147,1.0318293571472168,
1.0241934061050415,148,,,,,
,148,1.0241934061050415,0.6227739453315735,148,,
,148,,,148,1.0307127237319946,
,149,,,149,,1.0294359922409058
1.0231060981750488,149,,,,,
,149,1.0231060981750488,0.6231507658958435,149,,
,149,,,149,1.0294359922409058,
1.0220309495925903,150,,,,,
,150,1.0220309495925903,0.6236663460731506,150,,
,150,,,150,1.0279161930084229,
1.0209674835205078,151,,,,,
,151,1.0209674835205078,0.6238844990730286,151,,
,151,,,151,1.026556372642517,
1.0199148654937744,152,,,,,
,152,1.0199148654937744,0.6242414712905884,152,,
,152,,,152,1.0256011486053467,
1.0188735723495483,153,,,,,
,153,1.0188735723495483,0.6247174143791199,153,,
,153,,,153,1.0252918004989624,
1.0178430080413818,154,,,,,
,154,1.0178430080413818,0.625153660774231,154,,
,154,,,154,1.0232659578323364,
1.016823172569275,155,,,,,
,155,1.016823172569275,0.6254115104675293,155,,
,155,,,155,1.0228252410888672,
1.0158134698867798,156,,,,,
,156,1.0158134698867798,0.6259072422981262,156,,
,156,,,156,1.0214813947677612,
1.0148138999938965,157,,,,,
,157,1.0148138999938965,0.6261452436447144,157,,
,157,,,157,1.0209506750106812,
1.013824701309204,158,,,,,
,158,1.013824701309204,0.6266608238220215,158,,
,158,,,158,1.0198625326156616,
1.01284658908844,159,,,,,
,159,1.01284658908844,0.6270971298217773,159,,
,159,,,159,1.0194560289382935,
1.0118789672851562,160,,,,,
,160,1.0118789672851562,0.6273747682571411,160,,
,160,,,160,1.0186662673950195,
1.0109210014343262,161,,,,,
,161,1.0109210014343262,0.6277118921279907,161,,
,161,,,161,1.0171395540237427,
1.0099730491638184,162,,,,,
,162,1.0099730491638184,0.6278507113456726,162,,
,162,,,162,1.0161913633346558,
1.009033203125,163,,,,,
,163,1.009033203125,0.6280093789100647,163,,
,163,,,163,1.0145646333694458,
1.0081028938293457,164,,,,,
,164,1.0081028938293457,0.6281878352165222,164,,
,164,,,164,1.0149344205856323,
1.0071802139282227,165,,,,,
,165,1.0071802139282227,0.6286637783050537,165,,
,165,,,165,1.0130187273025513,
1.0062658786773682,166,,,,,
,166,1.0062658786773682,0.6289215683937073,166,,
,166,,,166,1.0125634670257568,
1.0053603649139404,167,,,,,
,167,1.0053603649139404,0.629119873046875,167,,
,167,,,167,1.0109080076217651,
1.0044630765914917,168,,,,,
,168,1.0044630765914917,0.6293975114822388,168,,
,168,,,168,1.0103448629379272,
1.0035741329193115,169,,,,,
,169,1.0035741329193115,0.6298139691352844,169,,
,169,,,169,1.0094019174575806,
1.002692699432373,170,,,,,
,170,1.002692699432373,0.6301114559173584,170,,
,170,,,170,1.008256435394287,
1.0018202066421509,171,,,,,
,171,1.0018202066421509,0.6302701234817505,171,,
,171,,,171,1.0080112218856812,
1.0009548664093018,172,,,,,
,172,1.0009548664093018,0.6307063698768616,172,,
,172,,,172,1.0067087411880493,
1.0000970363616943,173,,,,,
,173,1.0000970363616943,0.6309046745300293,173,,
,173,,,173,1.0057858228683472,
0.999245285987854,174,,,,,
,174,0.999245285987854,0.6309840083122253,174,,
,174,,,174,1.004931926727295,
0.9984008073806763,175,,,,,
,175,0.9984008073806763,0.6312220096588135,175,,
,175,,,175,1.004943609237671,
0.997563898563385,176,,,,,
,176,0.997563898563385,0.6315591335296631,176,,
,176,,,176,1.0035361051559448,
0.9967344403266907,177,,,,,
,177,0.9967344403266907,0.6320350766181946,177,,
,177,,,177,1.001942753791809,
0.9959112405776978,178,,,,,
,178,0.9959112405776978,0.63243168592453,178,,
,178,,,178,1.0018467903137207,
0.9950940012931824,179,,,,,
,179,0.9950940012931824,0.632729172706604,179,,
,179,,,179,1.000477910041809,
0.9942820072174072,180,,,,,
,180,0.9942820072174072,0.6330662965774536,180,,
,180,,,180,1.0000603199005127,
0.9934768080711365,181,,,,,
,181,0.9934768080711365,0.6333240866661072,181,,
,181,,,181,0.999671995639801,
0.9926779866218567,182,,,,,
,182,0.9926779866218567,0.6337405443191528,182,,
,182,,,182,0.9980324506759644,
0.9918856024742126,183,,,,,
,183,0.9918856024742126,0.6339983344078064,183,,
,183,,,183,0.9983053803443909,
0.9910993576049805,184,,,,,
,184,0.9910993576049805,0.6341173052787781,184,,
,184,,,184,0.9975576996803284,
0.9903191924095154,185,,,,,
,185,0.9903191924095154,0.6344742774963379,185,,
,185,,,185,0.9963877201080322,
0.9895449876785278,186,,,,,
,186,0.9895449876785278,0.6349700689315796,186,,
,186,,,186,0.9951475858688354,
0.9887771606445312,187,,,,,
,187,0.9887771606445312,0.6350691914558411,187,,
,187,,,187,0.9949089288711548,
0.9880149960517883,188,,,,,
,188,0.9880149960517883,0.6354063153266907,188,,
,188,,,188,0.9941526055335999,
0.9872568249702454,189,,,,,
,189,0.9872568249702454,0.6357632875442505,189,,
,189,,,189,0.9925334453582764,
0.9865029454231262,190,,,,,
,190,0.9865029454231262,0.636021077632904,190,,
,190,,,190,0.9923738837242126,
0.9857553243637085,191,,,,,
,191,0.9857553243637085,0.6361004114151001,191,,
,191,,,191,0.9914554357528687,
0.9850132465362549,192,,,,,
,192,0.9850132465362549,0.6361797451972961,192,,
,192,,,192,0.9904694557189941,
0.9842765927314758,193,,,,,
,193,0.9842765927314758,0.6365168690681458,193,,
,193,,,193,0.9901143908500671,
0.9835459589958191,194,,,,,
,194,0.9835459589958191,0.6368341445922852,194,,
,194,,,194,0.989453911781311,
0.9828207492828369,195,,,,,
,195,0.9828207492828369,0.6373497843742371,195,,
,195,,,195,0.9887711405754089,
0.9821017384529114,196,,,,,
,196,0.9821017384529114,0.6375084519386292,196,,
,196,,,196,0.9882845282554626,
0.9813870787620544,197,,,,,
,197,0.9813870787620544,0.6376670598983765,197,,
,197,,,197,0.9872246384620667,
0.9806736707687378,198,,,,,
,198,0.9806736707687378,0.6378058791160583,198,,
,198,,,198,0.9853726029396057,
,199,,,199,,0.9858402013778687
0.9799643754959106,199,,,,,
,199,0.9799643754959106,0.6380835175514221,199,,
,199,,,199,0.9858402013778687,
0.9792616367340088,200,,,,,
,200,0.9792616367340088,0.6382818222045898,200,,
,200,,,200,0.9850769639015198,
0.9785642027854919,201,,,,,
,201,0.9785642027854919,0.6384999752044678,201,,
,201,,,201,0.984362781047821,
0.9778695106506348,202,,,,,
,202,0.9778695106506348,0.638519823551178,202,,
,202,,,202,0.9832684993743896,
0.9771808385848999,203,,,,,
,203,0.9771808385848999,0.6385594606399536,203,,
,203,,,203,0.9836699366569519,
0.9764972925186157,204,,,,,
,204,0.9764972925186157,0.6387577652931213,204,,
,204,,,204,0.982193112373352,
0.9758170247077942,205,,,,,
,205,0.9758170247077942,0.6390552520751953,205,,
,205,,,205,0.9810709357261658,
0.9751402139663696,206,,,,,
,206,0.9751402139663696,0.6391940712928772,206,,
,206,,,206,0.980467677116394,
0.9744682908058167,207,,,,,
,207,0.9744682908058167,0.6394915580749512,207,,
,207,,,207,0.9802796840667725,
0.9738002419471741,208,,,,,
,208,0.9738002419471741,0.6397294998168945,208,,
,208,,,208,0.978988528251648,
0.973137617111206,209,,,,,
,209,0.973137617111206,0.64012610912323,209,,
,209,,,209,0.9793501496315002,
0.9724798798561096,210,,,,,
,210,0.9724798798561096,0.6402847766876221,210,,
,210,,,210,0.9777635335922241,
0.9718269109725952,211,,,,,
,211,0.9718269109725952,0.6403641104698181,211,,
,211,,,211,0.9772067070007324,
0.9711785316467285,212,,,,,
,212,0.9711785316467285,0.6405029296875,212,,
,212,,,212,0.9761190414428711,
0.9705345630645752,213,,,,,
,213,0.9705345630645752,0.6406417489051819,213,,
,213,,,213,0.9762153029441833,
0.9698954820632935,214,,,,,
,214,0.9698954820632935,0.6410383582115173,214,,
,214,,,214,0.9746326804161072,
0.969258189201355,215,,,,,
,215,0.969258189201355,0.641077995300293,215,,
,215,,,215,0.9751011729240417,
0.9686237573623657,216,,,,,
,216,0.9686237573623657,0.6412168145179749,216,,
,216,,,216,0.9745696187019348,
0.967995822429657,217,,,,,
,217,0.967995822429657,0.641534149646759,217,,
,217,,,217,0.9730569124221802,
0.9673739075660706,218,,,,,
,218,0.9673739075660706,0.6416134238243103,218,,
,218,,,218,0.9735451340675354,
0.9667544960975647,219,,,,,
,219,0.9667544960975647,0.6418315768241882,219,,
,219,,,219,0.9726293087005615,
0.9661378860473633,220,,,,,
,220,0.9661378860473633,0.6417126059532166,220,,
,220,,,220,0.9721987247467041,
0.9655272960662842,221,,,,,
,221,0.9655272960662842,0.6419902443885803,221,,
,221,,,221,0.970519483089447,
0.9649213552474976,222,,,,,
,222,0.9649213552474976,0.642486035823822,222,,
,222,,,222,0.9698784947395325,
0.9643181562423706,223,,,,,
,223,0.9643181562423706,0.6427041888237,223,,
,223,,,223,0.9705308675765991,
0.9637174010276794,224,,,,,
,224,0.9637174010276794,0.6429421305656433,224,,
,224,,,224,0.9690858721733093,
0.96312016248703,225,,,,,
,225,0.96312016248703,0.643140435218811,225,,
,225,,,225,0.9688885807991028,
0.962526798248291,226,,,,,
,226,0.962526798248291,0.6431602835655212,226,,
,226,,,226,0.9677313566207886,
0.9619390964508057,227,,,,,
,227,0.9619390964508057,0.643437922000885,227,,
,227,,,227,0.9681804180145264,
0.96135413646698,228,,,,,
,228,0.96135413646698,0.6435767412185669,228,,
,228,,,228,0.9669545292854309,
0.9607725143432617,229,,,,,
,229,0.9607725143432617,0.6440526843070984,229,,
,229,,,229,0.9663217663764954,
0.9601958990097046,230,,,,,
,230,0.9601958990097046,0.6444294452667236,230,,
,230,,,230,0.965715765953064,
0.9596232175827026,231,,,,,
,231,0.9596232175827026,0.6445087790489197,231,,
,231,,,231,0.9647510051727295,
0.9590529203414917,232,,,,,
,232,0.9590529203414917,0.6447467803955078,232,,
,232,,,232,0.9648362398147583,
0.9584856033325195,233,,,,,
,233,0.9584856033325195,0.6451036930084229,233,,
,233,,,233,0.9638046622276306,
0.9579231142997742,234,,,,,
,234,0.9579231142997742,0.6451632380485535,234,,
,234,,,234,0.9638334512710571,
0.9573637247085571,235,,,,,
,235,0.9573637247085571,0.6453813314437866,235,,
,235,,,235,0.9628061652183533,
0.9568058252334595,236,,,,,
,236,0.9568058252334595,0.6455796360969543,236,,
,236,,,236,0.9625357389450073,
0.956251859664917,237,,,,,
,237,0.956251859664917,0.6457184553146362,237,,
,237,,,237,0.9618027806282043,
0.9557033181190491,238,,,,,
,238,0.9557033181190491,0.6461547613143921,238,,
,238,,,238,0.9606450200080872,
0.9551581740379333,239,,,,,
,239,0.9551581740379333,0.6465513706207275,239,,
,239,,,239,0.9604514837265015,
0.9546166658401489,240,,,,,
,240,0.9546166658401489,0.6466703414916992,240,,
,240,,,240,0.9609726667404175,
0.9540794491767883,241,,,,,
,241,0.9540794491767883,0.6468290090560913,241,,
,241,,,241,0.9601004123687744,
0.9535435438156128,242,,,,,
,242,0.9535435438156128,0.6469678282737732,242,,
,242,,,242,0.9591047763824463,
0.953011155128479,243,,,,,
,243,0.953011155128479,0.646947979927063,243,,
,243,,,243,0.9586607813835144,
0.9524825215339661,244,,,,,
,244,0.9524825215339661,0.6471859812736511,244,,
,244,,,244,0.9573156833648682,
0.9519579410552979,245,,,,,
,245,0.9519579410552979,0.647404134273529,245,,
,245,,,245,0.9577707052230835,
0.9514368772506714,246,,,,,
,246,0.9514368772506714,0.6475627422332764,246,,
,246,,,246,0.9567825794219971,
0.9509207606315613,247,,,,,
,247,0.9509207606315613,0.6478403806686401,247,,
,247,,,247,0.9560389518737793,
0.9504089951515198,248,,,,,
,248,0.9504089951515198,0.6480386853218079,248,,
,248,,,248,0.9555351138114929,
,249,,,249,,0.9556387662887573
0.9498999714851379,249,,,,,
,249,0.9498999714851379,0.6483361721038818,249,,
,249,,,249,0.9556387662887573,
0.9493956565856934,250,,,,,
,250,0.9493956565856934,0.6484749913215637,250,,
,250,,,250,0.955369770526886,
0.9488937258720398,251,,,,,
,251,0.9488937258720398,0.6485939621925354,251,,
,251,,,251,0.954326331615448,
0.9483963251113892,252,,,,,
,252,0.9483963251113892,0.6487922668457031,252,,
,252,,,252,0.9539837837219238,
0.947904109954834,253,,,,,
,253,0.947904109954834,0.6490897536277771,253,,
,253,,,253,0.9533169865608215,
0.9474149942398071,254,,,,,
,254,0.9474149942398071,0.6491096019744873,254,,
,254,,,254,0.9522406458854675,
0.9469287395477295,255,,,,,
,255,0.9469287395477295,0.6492484211921692,255,,
,255,,,255,0.9532955288887024,
0.9464455246925354,256,,,,,
,256,0.9464455246925354,0.6494070291519165,256,,
,256,,,256,0.9521036744117737,
0.9459633827209473,257,,,,,
,257,0.9459633827209473,0.6495458483695984,257,,
,257,,,257,0.9513945579528809,
0.9454852342605591,258,,,,,
,258,0.9454852342605591,0.649882972240448,258,,
,258,,,258,0.9503647089004517,
0.945012629032135,259,,,,,
,259,0.945012629032135,0.6500217914581299,259,,
,259,,,259,0.9497453570365906,
0.9445410966873169,260,,,,,
,260,0.9445410966873169,0.6501408219337463,260,,
,260,,,260,0.9497776627540588,
0.9440721273422241,261,,,,,
,261,0.9440721273422241,0.6503391265869141,261,,
,261,,,261,0.9498781561851501,
0.9436065554618835,262,,,,,
,262,0.9436065554618835,0.6505374312400818,262,,
,262,,,262,0.949130117893219,
0.9431466460227966,263,,,,,
,263,0.9431466460227966,0.6505374312400818,263,,
,263,,,263,0.9489191770553589,
0.9426895380020142,264,,,,,
,264,0.9426895380020142,0.6506564021110535,264,,
,264,,,264,0.9486026167869568,
0.9422338008880615,265,,,,,
,265,0.9422338008880615,0.651211678981781,265,,
,265,,,265,0.9477730989456177,
0.9417819380760193,266,,,,,
,266,0.9417819380760193,0.651509165763855,266,,
,266,,,266,0.9468434453010559,
0.9413322806358337,267,,,,,
,267,0.9413322806358337,0.6516479849815369,267,,
,267,,,267,0.9467312097549438,
0.9408835768699646,268,,,,,
,268,0.9408835768699646,0.6516677737236023,268,,
,268,,,268,0.9454662799835205,
0.9404404759407043,269,,,,,
,269,0.9404404759407043,0.6517868041992188,269,,
,269,,,269,0.945405900478363,
0.9399980306625366,270,,,,,
,270,0.9399980306625366,0.6520445942878723,270,,
,270,,,270,0.945303201675415,
0.9395564794540405,271,,,,,
,271,0.9395564794540405,0.6523817181587219,271,,
,271,,,271,0.9441403150558472,
0.9391182661056519,272,,,,,
,272,0.9391182661056519,0.6528378129005432,272,,
,272,,,272,0.9444116353988647,
0.938683807849884,273,,,,,
,273,0.938683807849884,0.6530559659004211,273,,
,273,,,273,0.9431848526000977,
0.9382516145706177,274,,,,,
,274,0.9382516145706177,0.653194785118103,274,,
,274,,,274,0.9440509676933289,
0.9378231167793274,275,,,,,
,275,0.9378231167793274,0.6532939076423645,275,,
,275,,,275,0.9433138966560364,
0.9373980760574341,276,,,,,
,276,0.9373980760574341,0.653412938117981,276,,
,276,,,276,0.9423317909240723,
0.9369775652885437,277,,,,,
,277,0.9369775652885437,0.6536508798599243,277,,
,277,,,277,0.9421551823616028,
0.9365571737289429,278,,,,,
,278,0.9365571737289429,0.6538095474243164,278,,
,278,,,278,0.9419469833374023,
0.9361398816108704,279,,,,,
,279,0.9361398816108704,0.6542656421661377,279,,
,279,,,279,0.9415461421012878,
0.9357286691665649,280,,,,,
,280,0.9357286691665649,0.6544044613838196,280,,
,280,,,280,0.941344141960144,
0.9353207349777222,281,,,,,
,281,0.9353207349777222,0.6546424627304077,281,,
,281,,,281,0.9409163594245911,
0.9349187016487122,282,,,,,
,282,0.9349187016487122,0.654801070690155,282,,
,282,,,282,0.939785361289978,
0.9345152974128723,283,,,,,
,283,0.9345152974128723,0.6549795866012573,283,,
,283,,,283,0.9395304918289185,
0.9341126680374146,284,,,,,
,284,0.9341126680374146,0.6553167104721069,284,,
,284,,,284,0.9393575191497803,
0.9337161183357239,285,,,,,
,285,0.9337161183357239,0.6556538343429565,285,,
,285,,,285,0.9394704699516296,
0.9333241581916809,286,,,,,
,286,0.9333241581916809,0.6558125019073486,286,,
,286,,,286,0.9392096400260925,
0.9329343438148499,287,,,,,
,287,0.9329343438148499,0.6558322906494141,287,,
,287,,,287,0.9378787875175476,
0.9325469732284546,288,,,,,
,288,0.9325469732284546,0.6558322906494141,288,,
,288,,,288,0.9378761649131775,
0.932160496711731,289,,,,,
,289,0.932160496711731,0.6559909582138062,289,,
,289,,,289,0.9378066062927246,
0.9317783713340759,290,,,,,
,290,0.9317783713340759,0.6562685966491699,290,,
,290,,,290,0.9368881583213806,
0.9314009547233582,291,,,,,
,291,0.9314009547233582,0.6564669013023376,291,,
,291,,,291,0.9371985793113708,
0.9310253262519836,292,,,,,
,292,0.9310253262519836,0.6565462350845337,292,,
,292,,,292,0.9361053109169006,
0.9306533336639404,293,,,,,
,293,0.9306533336639404,0.6566453576087952,293,,
,293,,,293,0.9350211024284363,
0.9302800893783569,294,,,,,
,294,0.9302800893783569,0.6569626927375793,294,,
,294,,,294,0.9353539943695068,
0.9299088716506958,295,,,,,
,295,0.9299088716506958,0.6570420265197754,295,,
,295,,,295,0.9350507259368896,
0.9295437932014465,296,,,,,
,296,0.9295437932014465,0.6572799682617188,296,,
,296,,,296,0.9356343150138855,
0.9291812777519226,297,,,,,
,297,0.9291812777519226,0.6574782729148865,297,,
,297,,,297,0.9351549744606018,
0.92882239818573,298,,,,,
,298,0.92882239818573,0.6576567888259888,298,,
,298,,,298,0.9339965581893921,
,299,,,299,,0.9337285161018372
0.9284646511077881,299,,,,,
,299,0.9284646511077881,0.6578550934791565,299,,
,299,,,299,0.9337285161018372,
0.928107500076294,300,,,,,
,300,0.928107500076294,0.6580930352210999,300,,
,300,,,300,0.9339882731437683,
0.9277521371841431,301,,,,,
,301,0.9277521371841431,0.6581723690032959,301,,
,301,,,301,0.9328039288520813,
0.9274014234542847,302,,,,,
,302,0.9274014234542847,0.6582913398742676,302,,
,302,,,302,0.9323267340660095,
0.9270530939102173,303,,,,,
,303,0.9270530939102173,0.6584896445274353,303,,
,303,,,303,0.9325782656669617,
0.9267057776451111,304,,,,,
,304,0.9267057776451111,0.6585293412208557,304,,
,304,,,304,0.9312295317649841,
0.9263623952865601,305,,,,,
,305,0.9263623952865601,0.6588069796562195,305,,
,305,,,305,0.9320880770683289,
0.9260214567184448,306,,,,,
,306,0.9260214567184448,0.6587871313095093,306,,
,306,,,306,0.9312983155250549,
0.9256851077079773,307,,,,,
,307,0.9256851077079773,0.658906102180481,307,,
,307,,,307,0.9308754205703735,
0.9253469705581665,308,,,,,
,308,0.9253469705581665,0.6590052843093872,308,,
,308,,,308,0.9300179481506348,
0.925010085105896,309,,,,,
,309,0.925010085105896,0.658985435962677,309,,
,309,,,309,0.9297940731048584,
0.9246760010719299,310,,,,,
,310,0.9246760010719299,0.6591242551803589,310,,
,310,,,310,0.9302346110343933,
0.9243443012237549,311,,,,,
,311,0.9243443012237549,0.6591044068336487,311,,
,311,,,311,0.9289440512657166,
0.9240133166313171,312,,,,,
,312,0.9240133166313171,0.6590251326560974,312,,
,312,,,312,0.9293596744537354,
0.9236820340156555,313,,,,,
,313,0.9236820340156555,0.6590251326560974,313,,
,313,,,313,0.9285569787025452,
0.9233530163764954,314,,,,,
,314,0.9233530163764954,0.6593820452690125,314,,
,314,,,314,0.9287617802619934,
0.9230274558067322,315,,,,,
,315,0.9230274558067322,0.6594018936157227,315,,
,315,,,315,0.9286255240440369,
0.9227066040039062,316,,,,,
,316,0.9227066040039062,0.6593820452690125,316,,
,316,,,316,0.9278537631034851,
0.9223837852478027,317,,,,,
,317,0.9223837852478027,0.6593424081802368,317,,
,317,,,317,0.9278093576431274,
0.9220619201660156,318,,,,,
,318,0.9220619201660156,0.6594812273979187,318,,
,318,,,318,0.9272460341453552,
0.9217431545257568,319,,,,,
,319,0.9217431545257568,0.6597191691398621,319,,
,319,,,319,0.9266209602355957,
0.9214267730712891,320,,,,,
,320,0.9214267730712891,0.6600959897041321,320,,
,320,,,320,0.9268156886100769,
0.9211137294769287,321,,,,,
,321,0.9211137294769287,0.6600959897041321,321,,
,321,,,321,0.9258846044540405,
0.9208031892776489,322,,,,,
,322,0.9208031892776489,0.6601951122283936,322,,
,322,,,322,0.9266654253005981,
0.9204933047294617,323,,,,,
,323,0.9204933047294617,0.6601554751396179,323,,
,323,,,323,0.9259641170501709,
0.9201836585998535,324,,,,,
,324,0.9201836585998535,0.6604331135749817,324,,
,324,,,324,0.9265362024307251,
0.9198793172836304,325,,,,,
,325,0.9198793172836304,0.6606115698814392,325,,
,325,,,325,0.9251005053520203,
0.9195777177810669,326,,,,,
,326,0.9195777177810669,0.6604925990104675,326,,
,326,,,326,0.9252264499664307,
0.9192769527435303,327,,,,,
,327,0.9192769527435303,0.6606512665748596,327,,
,327,,,327,0.9246963262557983,
0.9189813137054443,328,,,,,
,328,0.9189813137054443,0.6606512665748596,328,,
,328,,,328,0.9237831830978394,
0.9186871647834778,329,,,,,
,329,0.9186871647834778,0.6608297228813171,329,,
,329,,,329,0.9246812462806702,
0.9183909296989441,330,,,,,
,330,0.9183909296989441,0.6609289050102234,330,,
,330,,,330,0.923734188079834,
0.9181002974510193,331,,,,,
,331,0.9181002974510193,0.6608297228813171,331,,
,331,,,331,0.9236282706260681,
0.9178128838539124,332,,,,,
,332,0.9178128838539124,0.660968542098999,332,,
,332,,,332,0.923515260219574,
0.9175279140472412,333,,,,,
,333,0.9175279140472412,0.6611272096633911,333,,
,333,,,333,0.9225360751152039,
0.9172446727752686,334,,,,,
,334,0.9172446727752686,0.661186695098877,334,,
,334,,,334,0.9219353199005127,
0.9169610738754272,335,,,,,
,335,0.9169610738754272,0.6614643335342407,335,,
,335,,,335,0.9220764636993408,
0.9166775345802307,336,,,,,
,336,0.9166775345802307,0.6614643335342407,336,,
,336,,,336,0.9206023812294006,
0.916394829750061,337,,,,,
,337,0.916394829750061,0.6615436673164368,337,,
,337,,,337,0.9211776852607727,
0.9161154627799988,338,,,,,
,338,0.9161154627799988,0.6617617607116699,338,,
,338,,,338,0.9216076731681824,
0.9158389568328857,339,,,,,
,339,0.9158389568328857,0.6618807911872864,339,,
,339,,,339,0.9211376905441284,
0.9155663251876831,340,,,,,
,340,0.9155663251876831,0.6617617607116699,340,,
,340,,,340,0.9210526347160339,
0.9152982831001282,341,,,,,
,341,0.9152982831001282,0.6616824865341187,341,,
,341,,,341,0.9208084344863892,
0.9150280952453613,342,,,,,
,342,0.9150280952453613,0.6617221236228943,342,,
,342,,,342,0.9213342666625977,
0.9147565960884094,343,,,,,
,343,0.9147565960884094,0.6619402766227722,343,,
,343,,,343,0.9198787212371826,
0.91448575258255,344,,,,,
,344,0.91448575258255,0.6622377634048462,344,,
,344,,,344,0.9193496704101562,
0.9142193794250488,345,,,,,
,345,0.9142193794250488,0.6624162197113037,345,,
,345,,,345,0.9200186133384705,
0.9139562249183655,346,,,,,
,346,0.9139562249183655,0.6624360680580139,346,,
,346,,,346,0.9192225337028503,
0.9136925339698792,347,,,,,
,347,0.9136925339698792,0.6623765230178833,347,,
,347,,,347,0.918430745601654,
0.9134306907653809,348,,,,,
,348,0.9134306907653809,0.6626938581466675,348,,
,348,,,348,0.9185394048690796,
,349,,,349,,0.9183256030082703
0.913168728351593,349,,,,,
,349,0.913168728351593,0.6627334952354431,349,,
,349,,,349,0.9183256030082703,
0.9129085540771484,350,,,,,
,350,0.9129085540771484,0.6627334952354431,350,,
,350,,,350,0.9187143445014954,
0.9126498699188232,351,,,,,
,351,0.9126498699188232,0.6625946760177612,351,,
,351,,,351,0.9170293807983398,
0.9123926162719727,352,,,,,
,352,0.9123926162719727,0.6626541614532471,352,,
,352,,,352,0.9176427721977234,
0.9121372103691101,353,,,,,
,353,0.9121372103691101,0.662792980670929,353,,
,353,,,353,0.9183048009872437,
0.9118837118148804,354,,,,,
,354,0.9118837118148804,0.6629120111465454,354,,
,354,,,354,0.9171185493469238,
0.9116308689117432,355,,,,,
,355,0.9116308689117432,0.6630904674530029,355,,
,355,,,355,0.9165023565292358,
0.9113777875900269,356,,,,,
,356,0.9113777875900269,0.6630309820175171,356,,
,356,,,356,0.9166763424873352,
0.9111270308494568,357,,,,,
,357,0.9111270308494568,0.663169801235199,357,,
,357,,,357,0.9159791469573975,
0.910879909992218,358,,,,,
,358,0.910879909992218,0.6630508303642273,358,,
,358,,,358,0.9162229895591736,
0.9106330275535583,359,,,,,
,359,0.9106330275535583,0.6631301045417786,359,,
,359,,,359,0.9155302047729492,
0.9103869199752808,360,,,,,
,360,0.9103869199752808,0.6633284687995911,360,,
,360,,,360,0.9150997400283813,
0.9101421236991882,361,,,,,
,361,0.9101421236991882,0.6634870767593384,361,,
,361,,,361,0.9153088331222534,
0.9099000692367554,362,,,,,
,362,0.9099000692367554,0.6634870767593384,362,,
,362,,,362,0.9152188897132874,
0.9096589088439941,363,,,,,
,363,0.9096589088439941,0.6635664105415344,363,,
,363,,,363,0.9140059351921082,
0.9094187617301941,364,,,,,
,364,0.9094187617301941,0.6636655926704407,364,,
,364,,,364,0.9145407676696777,
0.9091816544532776,365,,,,,
,365,0.9091816544532776,0.663824200630188,365,,
,365,,,365,0.9147686958312988,
0.9089442491531372,366,,,,,
,366,0.9089442491531372,0.663824200630188,366,,
,366,,,366,0.9145970940589905,
0.9087103009223938,367,,,,,
,367,0.9087103009223938,0.6640622019767761,367,,
,367,,,367,0.9141656756401062,
0.9084761738777161,368,,,,,
,368,0.9084761738777161,0.6639630198478699,368,,
,368,,,368,0.9132757782936096,
0.9082416892051697,369,,,,,
,369,0.9082416892051697,0.6641811728477478,369,,
,369,,,369,0.9132787585258484,
0.9080069661140442,370,,,,,
,370,0.9080069661140442,0.6642605066299438,370,,
,370,,,370,0.9131227731704712,
0.9077766537666321,371,,,,,
,371,0.9077766537666321,0.6644588112831116,371,,
,371,,,371,0.9128544926643372,
0.9075473546981812,372,,,,,
,372,0.9075473546981812,0.6644786596298218,372,,
,372,,,372,0.9129614233970642,
0.9073218107223511,373,,,,,
,373,0.9073218107223511,0.6646174788475037,373,,
,373,,,373,0.9122315645217896,
0.9070956110954285,374,,,,,
,374,0.9070956110954285,0.6644588112831116,374,,
,374,,,374,0.9123702645301819,
0.9068686366081238,375,,,,,
,375,0.9068686366081238,0.6645976305007935,375,,
,375,,,375,0.9118727445602417,
0.9066454768180847,376,,,,,
,376,0.9066454768180847,0.6647166013717651,376,,
,376,,,376,0.912310004234314,
0.9064216613769531,377,,,,,
,377,0.9064216613769531,0.664776086807251,377,,
,377,,,377,0.9113646745681763,
0.906196653842926,378,,,,,
,378,0.906196653842926,0.6650140881538391,378,,
,378,,,378,0.9114605188369751,
0.9059777855873108,379,,,,,
,379,0.9059777855873108,0.6649942398071289,379,,
,379,,,379,0.9111515283584595,
0.9057599306106567,380,,,,,
,380,0.9057599306106567,0.6649743914604187,380,,
,380,,,380,0.9103966355323792,
0.9055426716804504,381,,,,,
,381,0.9055426716804504,0.665152907371521,381,,
,381,,,381,0.9101649522781372,
0.9053253531455994,382,,,,,
,382,0.9053253531455994,0.6652718782424927,382,,
,382,,,382,0.9098822474479675,
0.9051098823547363,383,,,,,
,383,0.9051098823547363,0.6655495166778564,383,,
,383,,,383,0.9096675515174866,
0.9048963785171509,384,,,,,
,384,0.9048963785171509,0.6653908491134644,384,,
,384,,,384,0.9099269509315491,
0.9046818017959595,385,,,,,
,385,0.9046818017959595,0.6656288504600525,385,,
,385,,,385,0.9096649885177612,
0.9044721722602844,386,,,,,
,386,0.9044721722602844,0.6656883358955383,386,,
,386,,,386,0.9106835722923279,
0.9042634963989258,387,,,,,
,387,0.9042634963989258,0.6657875180244446,387,,
,387,,,387,0.9084862470626831,
0.9040560126304626,388,,,,,
,388,0.9040560126304626,0.665886640548706,388,,
,388,,,388,0.909327507019043,
0.9038478136062622,389,,,,,
,389,0.9038478136062622,0.6658470034599304,389,,
,389,,,389,0.9088535904884338,
0.9036412239074707,390,,,,,
,390,0.9036412239074707,0.6662039160728455,390,,
,390,,,390,0.9085741639137268,
0.9034366011619568,391,,,,,
,391,0.9034366011619568,0.6663824319839478,391,,
,391,,,391,0.9089846611022949,
0.9032365083694458,392,,,,,
,392,0.9032365083694458,0.6662436127662659,392,,
,392,,,392,0.9076253771781921,
0.9030453562736511,393,,,,,
,393,0.9030453562736511,0.6660650968551636,393,,
,393,,,393,0.9084487557411194,
0.9028427600860596,394,,,,,
,394,0.9028427600860596,0.6663030982017517,394,,
,394,,,394,0.9076201915740967,
0.902633786201477,395,,,,,
,395,0.902633786201477,0.6664617657661438,395,,
,395,,,395,0.9078264236450195,
0.9024350643157959,396,,,,,
,396,0.9024350643157959,0.6668980121612549,396,,
,396,,,396,0.9070242047309875,
0.90223628282547,397,,,,,
,397,0.90223628282547,0.6667988896369934,397,,
,397,,,397,0.9071003198623657,
0.902040958404541,398,,,,,
,398,0.902040958404541,0.666679859161377,398,,
,398,,,398,0.9069616198539734,
,399,,,399,,0.906812310218811
0.90184485912323,399,,,,,
,399,0.90184485912323,0.6665014028549194,399,,
,399,,,399,0.906812310218811,
0.9016488790512085,400,,,,,
,400,0.9016488790512085,0.6668782234191895,400,,
,400,,,400,0.907181978225708,
0.9014495611190796,401,,,,,
,401,0.9014495611190796,0.6672351360321045,401,,
,401,,,401,0.9072675108909607,
0.9012502431869507,402,,,,,
,402,0.9012502431869507,0.6670170426368713,402,,
,402,,,402,0.9062507748603821,
0.9010627865791321,403,,,,,
,403,0.9010627865791321,0.6667394042015076,403,,
,403,,,403,0.9056911468505859,
0.9008668661117554,404,,,,,
,404,0.9008668661117554,0.6668782234191895,404,,
,404,,,404,0.9052378535270691,
0.9006720781326294,405,,,,,
,405,0.9006720781326294,0.6670765280723572,405,,
,405,,,405,0.9059752821922302,
0.9004870057106018,406,,,,,
,406,0.9004870057106018,0.6672946214675903,406,,
,406,,,406,0.9051039814949036,
0.9002962112426758,407,,,,,
,407,0.9002962112426758,0.667056679725647,407,,
,407,,,407,0.9049132466316223,
0.9001067876815796,408,,,,,
,408,0.9001067876815796,0.6670765280723572,408,,
,408,,,408,0.9051318168640137,
0.8999118804931641,409,,,,,
,409,0.8999118804931641,0.6671161651611328,409,,
,409,,,409,0.9063935279846191,
0.8997248411178589,410,,,,,
,410,0.8997248411178589,0.6673938035964966,410,,
,410,,,410,0.9053963422775269,
0.8995382189750671,411,,,,,
,411,0.8995382189750671,0.6674532890319824,411,,
,411,,,411,0.904719352722168,
0.8993585705757141,412,,,,,
,412,0.8993585705757141,0.6674532890319824,412,,
,412,,,412,0.9049526453018188,
0.8991788625717163,413,,,,,
,413,0.8991788625717163,0.6673343181610107,413,,
,413,,,413,0.9046295285224915,
0.8989977836608887,414,,,,,
,414,0.8989977836608887,0.6672153472900391,414,,
,414,,,414,0.9035864472389221,
0.8988139033317566,415,,,,,
,415,0.8988139033317566,0.6674136519432068,415,,
,415,,,415,0.9037619829177856,
0.8986367583274841,416,,,,,
,416,0.8986367583274841,0.6675921082496643,416,,
,416,,,416,0.9034497737884521,
0.898461103439331,417,,,,,
,417,0.898461103439331,0.6675524711608887,417,,
,417,,,417,0.9025320410728455,
0.8982886672019958,418,,,,,
,418,0.8982886672019958,0.6674532890319824,418,,
,418,,,418,0.9035874605178833,
0.898108184337616,419,,,,,
,419,0.898108184337616,0.6678697466850281,419,,
,419,,,419,0.9023564457893372,
0.897936224937439,420,,,,,
,420,0.897936224937439,0.6678895950317383,420,,
,420,,,420,0.9031265377998352,
0.8977633714675903,421,,,,,
,421,0.8977633714675903,0.6676912903785706,421,,
,421,,,421,0.902396559715271,
0.8975881934165955,422,,,,,
,422,0.8975881934165955,0.6677507758140564,422,,
,422,,,422,0.9031733274459839,
0.8974180817604065,423,,,,,
,423,0.8974180817604065,0.6677309274673462,423,,
,423,,,423,0.9023230075836182,
0.897237241268158,424,,,,,
,424,0.897237241268158,0.6679689288139343,424,,
,424,,,424,0.9023274779319763,
0.8970649838447571,425,,,,,
,425,0.8970649838447571,0.6681473851203918,425,,
,425,,,425,0.9014283418655396,
0.8968837261199951,426,,,,,
,426,0.8968837261199951,0.6679689288139343,426,,
,426,,,426,0.9017053842544556,
0.8967148065567017,427,,,,,
,427,0.8967148065567017,0.6678498983383179,427,,
,427,,,427,0.9018310904502869,
0.8965402245521545,428,,,,,
,428,0.8965402245521545,0.6681473851203918,428,,
,428,,,428,0.9024645686149597,
0.896367609500885,429,,,,,
,429,0.896367609500885,0.6682068705558777,429,,
,429,,,429,0.9009870886802673,
0.8961960673332214,430,,,,,
,430,0.8961960673332214,0.6681870222091675,430,,
,430,,,430,0.9012651443481445,
0.8960269689559937,431,,,,,
,431,0.8960269689559937,0.6683060526847839,431,,
,431,,,431,0.9009737968444824,
0.8958642482757568,432,,,,,
,432,0.8958642482757568,0.6683060526847839,432,,
,432,,,432,0.9007216095924377,
0.8956963419914246,433,,,,,
,433,0.8956963419914246,0.6683456897735596,433,,
,433,,,433,0.9000008702278137,
0.8955297470092773,434,,,,,
,434,0.8955297470092773,0.6684448719024658,434,,
,434,,,434,0.9009489417076111,
0.8953624367713928,435,,,,,
,435,0.8953624367713928,0.6684448719024658,435,,
,435,,,435,0.9005963206291199,
0.8952015042304993,436,,,,,
,436,0.8952015042304993,0.6683258414268494,436,,
,436,,,436,0.9001682996749878,
0.8950363993644714,437,,,,,
,437,0.8950363993644714,0.6683655381202698,437,,
,437,,,437,0.8999339938163757,
0.8948714137077332,438,,,,,
,438,0.8948714137077332,0.6685043573379517,438,,
,438,,,438,0.8992114663124084,
0.8947101831436157,439,,,,,
,439,0.8947101831436157,0.6685241460800171,439,,
,439,,,439,0.8993408679962158,
0.894551694393158,440,,,,,
,440,0.894551694393158,0.6685638427734375,440,,
,440,,,440,0.899907112121582,
0.8943941593170166,441,,,,,
,441,0.8943941593170166,0.6687819957733154,441,,
,441,,,441,0.8992787003517151,
0.8942273259162903,442,,,,,
,442,0.8942273259162903,0.6688216328620911,442,,
,442,,,442,0.8990710377693176,
0.8940675258636475,443,,,,,
,443,0.8940675258636475,0.6688811182975769,443,,
,443,,,443,0.8990219235420227,
0.8939107656478882,444,,,,,
,444,0.8939107656478882,0.6687225103378296,444,,
,444,,,444,0.8989932537078857,
0.8937557339668274,445,,,,,
,445,0.8937557339668274,0.6687621474266052,445,,
,445,,,445,0.8994436264038086,
0.893600583076477,446,,,,,
,446,0.893600583076477,0.6688017845153809,446,,
,446,,,446,0.8995618224143982,
0.8934463262557983,447,,,,,
,447,0.8934463262557983,0.6690596342086792,447,,
,447,,,447,0.8990486860275269,
0.8932976722717285,448,,,,,
,448,0.8932976722717285,0.6692777276039124,448,,
,448,,,448,0.8988122940063477,
,449,,,449,,0.8987988233566284
0.8931461572647095,449,,,,,
,449,0.8931461572647095,0.6693570613861084,449,,
,449,,,449,0.8987988233566284,
0.8929938673973083,450,,,,,
,450,0.8929938673973083,0.6691984534263611,450,,
,450,,,450,0.8982669115066528,
0.8928459286689758,451,,,,,
,451,0.8928459286689758,0.6693570613861084,451,,
,451,,,451,0.8976128101348877,
0.8926957845687866,452,,,,,
,452,0.8926957845687866,0.6693967580795288,452,,
,452,,,452,0.8978627920150757,
0.8925430178642273,453,,,,,
,453,0.8925430178642273,0.6695157289505005,453,,
,453,,,453,0.8969910740852356,
0.8923952579498291,454,,,,,
,454,0.8923952579498291,0.6694760918617249,454,,
,454,,,454,0.8975653052330017,
0.8922441601753235,455,,,,,
,455,0.8922441601753235,0.6696346998214722,455,,
,455,,,455,0.897689163684845,
0.8920966982841492,456,,,,,
,456,0.8920966982841492,0.6695355772972107,456,,
,456,,,456,0.8973261713981628,
0.891950249671936,457,,,,,
,457,0.891950249671936,0.6695553660392761,457,,
,457,,,457,0.8967993259429932,
0.8918041586875916,458,,,,,
,458,0.8918041586875916,0.6695752143859863,458,,
,458,,,458,0.896837592124939,
0.8916552662849426,459,,,,,
,459,0.8916552662849426,0.6696346998214722,459,,
,459,,,459,0.8970601558685303,
0.8915040493011475,460,,,,,
,460,0.8915040493011475,0.669614851474762,460,,
,460,,,460,0.8957675099372864,
0.8913560509681702,461,,,,,
,461,0.8913560509681702,0.669773519039154,461,,
,461,,,461,0.8954949378967285,
0.8912104964256287,462,,,,,
,462,0.8912104964256287,0.6698727011680603,462,,
,462,,,462,0.8967090845108032,
0.8910683989524841,463,,,,,
,463,0.8910683989524841,0.6698132157325745,463,,
,463,,,463,0.8960195779800415,
0.890925407409668,464,,,,,
,464,0.890925407409668,0.669694185256958,464,,
,464,,,464,0.8954079747200012,
0.8907755017280579,465,,,,,
,465,0.8907755017280579,0.6698330044746399,465,,
,465,,,465,0.8957201838493347,
0.8906325697898865,466,,,,,
,466,0.8906325697898865,0.6698132157325745,466,,
,466,,,466,0.8960773944854736,
0.8904889822006226,467,,,,,
,467,0.8904889822006226,0.669991672039032,467,,
,467,,,467,0.8956134915351868,
0.8903519511222839,468,,,,,
,468,0.8903519511222839,0.6698727011680603,468,,
,468,,,468,0.8959354758262634,
0.8902175426483154,469,,,,,
,469,0.8902175426483154,0.6697933673858643,469,,
,469,,,469,0.8957059383392334,
0.8900715708732605,470,,,,,
,470,0.8900715708732605,0.669991672039032,470,,
,470,,,470,0.8952770829200745,
0.8899354338645935,471,,,,,
,471,0.8899354338645935,0.6701503396034241,471,,
,471,,,471,0.895141065120697,
0.8897931575775146,472,,,,,
,472,0.8897931575775146,0.6699718236923218,472,,
,472,,,472,0.8945884704589844,
0.8896558284759521,473,,,,,
,473,0.8896558284759521,0.6700908541679382,473,,
,473,,,473,0.8952608108520508,
0.8895186185836792,474,,,,,
,474,0.8895186185836792,0.6702296137809753,474,,
,474,,,474,0.894629955291748,
0.8893792033195496,475,,,,,
,475,0.8893792033195496,0.6702098250389099,475,,
,475,,,475,0.8939154148101807,
0.8892448544502258,476,,,,,
,476,0.8892448544502258,0.6701503396034241,476,,
,476,,,476,0.8942122459411621,
0.8891119360923767,477,,,,,
,477,0.8891119360923767,0.6701503396034241,477,,
,477,,,477,0.8945366144180298,
0.8889805674552917,478,,,,,
,478,0.8889805674552917,0.6702296137809753,478,,
,478,,,478,0.8936529755592346,
0.8888463973999023,479,,,,,
,479,0.8888463973999023,0.6702494621276855,479,,
,479,,,479,0.8937217593193054,
0.8887132406234741,480,,,,,
,480,0.8887132406234741,0.6703684329986572,480,,
,480,,,480,0.8934298753738403,
0.8885826468467712,481,,,,,
,481,0.8885826468467712,0.6703287959098816,481,,
,481,,,481,0.8934600353240967,
0.8884475231170654,482,,,,,
,482,0.8884475231170654,0.6704676151275635,482,,
,482,,,482,0.893523097038269,
0.8883184790611267,483,,,,,
,483,0.8883184790611267,0.6705271005630493,483,,
,483,,,483,0.893602192401886,
0.8881872296333313,484,,,,,
,484,0.8881872296333313,0.6705667972564697,484,,
,484,,,484,0.8934001922607422,
0.8880582451820374,485,,,,,
,485,0.8880582451820374,0.6708245873451233,485,,
,485,,,485,0.8934532403945923,
0.8879261016845703,486,,,,,
,486,0.8879261016845703,0.6709237098693848,486,,
,486,,,486,0.8931679725646973,
0.8877923488616943,487,,,,,
,487,0.8877923488616943,0.670725405216217,487,,
,487,,,487,0.8929927349090576,
0.8876662850379944,488,,,,,
,488,0.8876662850379944,0.6705667972564697,488,,
,488,,,488,0.8923876285552979,
0.8875361680984497,489,,,,,
,489,0.8875361680984497,0.6707452535629272,489,,
,489,,,489,0.8920213580131531,
0.8874089121818542,490,,,,,
,490,0.8874089121818542,0.6709237098693848,490,,
,490,,,490,0.8918240070343018,
0.8872795701026917,491,,,,,
,491,0.8872795701026917,0.6709237098693848,491,,
,491,,,491,0.8919129967689514,
0.8871545791625977,492,,,,,
,492,0.8871545791625977,0.6709831953048706,492,,
,492,,,492,0.8929529786109924,
0.8870295882225037,493,,,,,
,493,0.8870295882225037,0.6711815595626831,493,,
,493,,,493,0.8918057084083557,
0.8869028091430664,494,,,,,
,494,0.8869028091430664,0.6712211966514587,494,,
,494,,,494,0.8919602036476135,
0.8867745399475098,495,,,,,
,495,0.8867745399475098,0.6711220145225525,495,,
,495,,,495,0.8919385671615601,
0.8866519927978516,496,,,,,
,496,0.8866519927978516,0.6711022257804871,496,,
,496,,,496,0.8916149735450745,
0.8865278959274292,497,,,,,
,497,0.8865278959274292,0.6711815595626831,497,,
,497,,,497,0.8920868635177612,
0.886400043964386,498,,,,,
,498,0.886400043964386,0.6712806820869446,498,,
,498,,,498,0.8918847441673279,
,499,,,499,,0.8912349343299866
0.8862770199775696,499,,,,,
,499,0.8862770199775696,0.6715186834335327,499,,
,499,,,499,0.8912349343299866,
